tag,mean_delta,max_delta,changed_ratio,collapse_ratio
uce_fp,0.0001672124443699586,0.003356845666330757,0.11140953796975156,0.9528251162446137
