{
  "fp_changed_ratio": 0.9999969221587874,
  "mean_abs_delta_over_delta": 1.4257928133010864,
  "cross_bucket_ratio": 0.6500610014355825,
  "closer_to_erased_ratio": 1.0
}